volume,pageind,page1,page2
12,11,12,27
13,11,,
14,11,,
15,10,11,25
17,11,,
18,14,,
19,12,,
21,25,26,45
22,17,,
23,17,,
24,17,,
25,15,,
26,15,,
27,19,,
28,13,,
29,15,,
30,15,,
31,15,,
32,17,,
33,11,,
34,19,,
35,15,,
36,15,16,27
37,15,,
38,15,,
39,15,,
40,15,,
41,15,,
42,17,,
43,13,,
44,21,,
45,17,,
46,21,,
47,21,,
48,20,,
49,21,,
50,27,,
51,29,,
52,21,,
54,23,,
55,23,,
56,27,,
57,25,,
58,25,,
59,7,,
60,25,,
61,9,,
62,7,,
63,27,,
64,35,,
65,31,,
66,35,,
67,7,,
68,31,,
69,29,,
70,29,,
71,33,,
72,35,,
73,33,34,97
74,31,,
75,33,,
76,35,,
77,39,,
78,7,,
79,37,,
80,33,,
81,33,,
82,35,,
83,30,,
84,30,,
86,24,25,62
87,30,,
88,26,,
89,30,31,80
90,28,,
91,28,29,132
92,26,,
93,24,,
94,26,,
95,20,21,74
96,28,,
98,26,,
99,26,27,70
100,26,,
101,30,,
102,28,,
103,30,,
104,30,,
105,28,,
106,30,31,76
107,26,,
108,20,,
109,24,,
110,24,,
111,28,29,72
112,20,,
113,20,,
114,24,,
115,23,,
